{
    "variants": {
        "": [
            { "model": "minecraft:oak_leaves_bf" },
            { "model": "minecraft:oak_leaves_bf", "y": 90 },
            { "model": "minecraft:oak_leaves_bf", "y": 180 },
            { "model": "minecraft:oak_leaves_bf", "y": 270 },
            { "model": "minecraft:oak_leaves_bf2" },
            { "model": "minecraft:oak_leaves_bf2", "y": 90 },
            { "model": "minecraft:oak_leaves_bf2", "y": 180 },
            { "model": "minecraft:oak_leaves_bf2", "y": 270 }
        ],
        "inventory": { "model": "minecraft:oak_leaves" }
    }
}
