{
    "textures": {
        "particle": "#wall"
    },
    "elements": [
        {   "from": [ 4, 0, 0 ],
            "to": [ 12, 16, 16 ],
            "faces": {
                "down":  { "uv": [ 4, 0, 12, 16 ], "texture": "#wall", "cullface": "down" },
                "up":    { "uv": [ 4, 0, 12, 16 ], "texture": "#wall" },
                "north": { "uv": [ 4, 0, 12, 16 ], "texture": "#wall", "cullface": "north" },
                "south": { "uv": [ 4, 0, 12, 16 ], "texture": "#wall", "cullface": "south" },
                "west":  { "uv": [ 0, 0, 16, 16 ], "texture": "#wall" },
                "east":  { "uv": [ 0, 0, 16, 16 ], "texture": "#wall" }
            }
        }
    ]
}
